STATION,NAME,LATITUDE,LONGITUDE,ELEVATION,DATE,AWND,PRCP,SNOW,SNWD,TAVG,TMAX,TMIN,WDF2,WDF5,WSF2,WSF5,WT01,WT08,trip_count
USW00014732,"LAGUARDIA AIRPORT, NY US",40.77945,-73.88027,3.0,2022-01-01,2.8,19.3,0.0,0.0,11.6,13.9,10.0,200,200,6.3,7.6,1.0,,20895
USW00014732,"LAGUARDIA AIRPORT, NY US",40.77945,-73.88027,3.0,2022-01-02,4.3,1.0,0.0,0.0,11.4,15.6,3.9,310,310,12.5,14.8,1.0,,44234
USW00014732,"LAGUARDIA AIRPORT, NY US",40.77945,-73.88027,3.0,2022-01-03,6.4,0.0,0.0,0.0,1.4,3.9,-4.3,340,350,12.5,15.2,,,34126
USW00014732,"LAGUARDIA AIRPORT, NY US",40.77945,-73.88027,3.0,2022-01-04,3.9,0.0,0.0,0.0,-2.7,2.2,-6.0,320,350,8.9,12.1,,,37879
USW00014732,"LAGUARDIA AIRPORT, NY US",40.77945,-73.88027,3.0,2022-01-05,3.4,6.1,0.0,0.0,3.2,8.9,0.0,250,200,6.7,10.7,1.0,1.0,35080
USW00014732,"LAGUARDIA AIRPORT, NY US",40.77945,-73.88027,3.0,2022-01-06,5.0,0.0,0.0,0.0,4.9,6.1,2.2,290,270,12.5,14.8,,,46004
USW00014732,"LAGUARDIA AIRPORT, NY US",40.77945,-73.88027,3.0,2022-01-07,8.3,8.4,246.0,200.0,0.7,2.2,-2.1,300,290,13.0,17.4,1.0,,17838
USW00014732,"LAGUARDIA AIRPORT, NY US",40.77945,-73.88027,3.0,2022-01-08,4.8,0.0,0.0,130.0,-2.5,0.0,-4.9,310,300,12.5,15.7,,,25129
USW00014732,"LAGUARDIA AIRPORT, NY US",40.77945,-73.88027,3.0,2022-01-09,4.9,2.8,0.0,80.0,1.4,5.6,-1.0,210,210,9.4,12.1,,,22088
USW00014732,"LAGUARDIA AIRPORT, NY US",40.77945,-73.88027,3.0,2022-01-10,7.5,0.0,0.0,0.0,1.6,5.6,-3.2,310,320,11.6,15.7,,,35717
USW00014732,"LAGUARDIA AIRPORT, NY US",40.77945,-73.88027,3.0,2022-01-11,6.4,0.0,0.0,0.0,-5.4,-3.2,-8.2,320,310,12.5,16.5,,,27704
USW00014732,"LAGUARDIA AIRPORT, NY US",40.77945,-73.88027,3.0,2022-01-12,4.4,0.0,0.0,0.0,-1.9,5.6,-6.6,220,220,8.9,11.2,,,41636
USW00014732,"LAGUARDIA AIRPORT, NY US",40.77945,-73.88027,3.0,2022-01-13,2.6,0.0,0.0,0.0,4.0,7.8,0.6,50,60,5.8,7.6,,,51798
USW00014732,"LAGUARDIA AIRPORT, NY US",40.77945,-73.88027,3.0,2022-01-14,7.6,0.0,0.0,0.0,4.8,6.1,-5.5,350,360,13.4,18.3,,,46837
USW00014732,"LAGUARDIA AIRPORT, NY US",40.77945,-73.88027,3.0,2022-01-15,5.8,0.0,0.0,0.0,-6.7,-5.5,-10.5,330,330,10.7,13.9,,,23717
USW00014732,"LAGUARDIA AIRPORT, NY US",40.77945,-73.88027,3.0,2022-01-16,5.5,9.1,15.0,0.0,-8.0,4.4,-12.1,50,80,10.3,13.0,1.0,,21588
USW00014732,"LAGUARDIA AIRPORT, NY US",40.77945,-73.88027,3.0,2022-01-17,8.6,26.9,0.0,0.0,3.9,7.8,1.7,60,60,16.1,19.2,1.0,1.0,29887
USW00014732,"LAGUARDIA AIRPORT, NY US",40.77945,-73.88027,3.0,2022-01-18,8.4,0.0,0.0,0.0,1.8,3.3,-0.5,310,300,14.8,19.2,,,44045
USW00014732,"LAGUARDIA AIRPORT, NY US",40.77945,-73.88027,3.0,2022-01-19,4.7,0.0,0.0,0.0,3.2,10.6,-1.6,200,200,9.4,13.0,,1.0,55371
USW00014732,"LAGUARDIA AIRPORT, NY US",40.77945,-73.88027,3.0,2022-01-20,5.4,6.4,8.0,0.0,5.1,8.3,-4.9,350,340,9.8,12.1,1.0,,34901
USW00014732,"LAGUARDIA AIRPORT, NY US",40.77945,-73.88027,3.0,2022-01-21,6.2,0.0,0.0,0.0,-6.0,-4.9,-9.3,10,20,11.2,13.9,,,35006
USW00014732,"LAGUARDIA AIRPORT, NY US",40.77945,-73.88027,3.0,2022-01-22,3.4,0.0,0.0,0.0,-5.9,-1.0,-9.9,20,30,7.2,8.9,,,33018
USW00014732,"LAGUARDIA AIRPORT, NY US",40.77945,-73.88027,3.0,2022-01-23,4.2,0.3,5.0,0.0,-0.7,3.3,-3.2,240,270,8.9,12.1,,1.0,33817
USW00014732,"LAGUARDIA AIRPORT, NY US",40.77945,-73.88027,3.0,2022-01-24,3.6,0.0,5.0,0.0,-0.2,3.3,-2.1,190,340,6.7,8.5,,1.0,42591
USW00014732,"LAGUARDIA AIRPORT, NY US",40.77945,-73.88027,3.0,2022-01-25,4.7,0.0,0.0,0.0,3.6,6.1,-1.0,300,200,9.4,12.5,,1.0,51982
USW00014732,"LAGUARDIA AIRPORT, NY US",40.77945,-73.88027,3.0,2022-01-26,5.6,0.0,0.0,0.0,-2.3,-1.0,-6.0,320,320,10.7,14.3,,,43279
USW00014732,"LAGUARDIA AIRPORT, NY US",40.77945,-73.88027,3.0,2022-01-27,3.7,0.0,0.0,0.0,-4.2,0.0,-7.7,160,180,7.6,9.4,,,45058
USW00014732,"LAGUARDIA AIRPORT, NY US",40.77945,-73.88027,3.0,2022-01-28,3.5,2.8,33.0,0.0,0.1,1.7,-1.0,30,30,8.1,11.2,1.0,1.0,35740
USW00014732,"LAGUARDIA AIRPORT, NY US",40.77945,-73.88027,3.0,2022-01-29,10.2,12.4,206.0,130.0,-4.8,-1.0,-9.3,340,350,14.3,20.6,1.0,1.0,2927
USW00014732,"LAGUARDIA AIRPORT, NY US",40.77945,-73.88027,3.0,2022-01-30,6.1,0.0,0.0,180.0,-7.1,-2.7,-9.9,310,310,12.5,16.5,,,9688
USW00014732,"LAGUARDIA AIRPORT, NY US",40.77945,-73.88027,3.0,2022-01-31,2.9,0.0,0.0,150.0,-3.4,-1.0,-7.1,50,60,4.5,7.2,,,22838
USW00014732,"LAGUARDIA AIRPORT, NY US",40.77945,-73.88027,3.0,2022-02-01,3.4,0.0,0.0,130.0,-1.7,2.8,-4.3,60,60,6.7,9.4,,,29993
USW00014732,"LAGUARDIA AIRPORT, NY US",40.77945,-73.88027,3.0,2022-02-02,2.3,0.0,0.0,100.0,2.3,5.6,-0.5,40,60,4.5,5.8,1.0,1.0,42955
USW00014732,"LAGUARDIA AIRPORT, NY US",40.77945,-73.88027,3.0,2022-02-03,2.6,10.7,0.0,50.0,6.4,8.9,3.9,190,170,4.5,6.3,1.0,1.0,27292
USW00014732,"LAGUARDIA AIRPORT, NY US",40.77945,-73.88027,3.0,2022-02-04,5.3,18.8,0.0,0.0,5.8,12.8,-2.1,310,320,10.7,12.5,1.0,,21072
USW00014732,"LAGUARDIA AIRPORT, NY US",40.77945,-73.88027,3.0,2022-02-05,7.9,0.0,0.0,0.0,-2.8,-1.6,-6.0,310,300,13.0,16.1,,,31980
USW00014732,"LAGUARDIA AIRPORT, NY US",40.77945,-73.88027,3.0,2022-02-06,3.2,0.0,0.0,0.0,-4.8,0.0,-8.2,180,180,6.3,8.1,,,30313
USW00014732,"LAGUARDIA AIRPORT, NY US",40.77945,-73.88027,3.0,2022-02-07,3.1,3.8,0.0,0.0,0.5,4.4,-0.5,40,50,5.8,7.6,1.0,1.0,31611
USW00014732,"LAGUARDIA AIRPORT, NY US",40.77945,-73.88027,3.0,2022-02-08,5.7,2.0,0.0,0.0,4.1,8.3,1.1,310,310,11.6,14.3,1.0,,53493
USW00014732,"LAGUARDIA AIRPORT, NY US",40.77945,-73.88027,3.0,2022-02-09,3.7,0.0,0.0,0.0,2.8,6.7,-0.5,270,260,7.6,10.7,,,57558
USW00014732,"LAGUARDIA AIRPORT, NY US",40.77945,-73.88027,3.0,2022-02-10,4.4,0.0,0.0,0.0,6.3,13.3,1.1,270,270,12.5,16.1,1.0,1.0,63584
USW00014732,"LAGUARDIA AIRPORT, NY US",40.77945,-73.88027,3.0,2022-02-11,5.0,0.0,0.0,0.0,8.6,13.3,2.8,170,170,11.2,14.8,,,66310
USW00014732,"LAGUARDIA AIRPORT, NY US",40.77945,-73.88027,3.0,2022-02-12,5.9,0.0,0.0,0.0,11.8,15.6,5.6,260,270,11.2,14.8,,,70299
USW00014732,"LAGUARDIA AIRPORT, NY US",40.77945,-73.88027,3.0,2022-02-13,4.7,4.8,61.0,30.0,2.8,5.6,-3.2,350,320,8.1,11.6,1.0,1.0,20897
USW00014732,"LAGUARDIA AIRPORT, NY US",40.77945,-73.88027,3.0,2022-02-14,7.9,0.0,0.0,50.0,-4.3,-2.7,-7.7,320,300,11.6,15.2,,,35732
USW00014732,"LAGUARDIA AIRPORT, NY US",40.77945,-73.88027,3.0,2022-02-15,4.9,0.0,0.0,0.0,-4.7,0.0,-7.7,310,320,9.4,11.2,,,41940
USW00014732,"LAGUARDIA AIRPORT, NY US",40.77945,-73.88027,3.0,2022-02-16,4.5,0.0,0.0,0.0,1.6,8.3,-2.7,190,180,8.9,11.2,,,55072
USW00014732,"LAGUARDIA AIRPORT, NY US",40.77945,-73.88027,3.0,2022-02-17,5.6,7.6,0.0,0.0,11.6,17.2,8.3,160,210,9.4,12.5,1.0,,69223
USW00014732,"LAGUARDIA AIRPORT, NY US",40.77945,-73.88027,3.0,2022-02-18,9.1,6.4,0.0,0.0,9.9,17.2,-2.1,320,310,16.5,22.4,,,48407
USW00014732,"LAGUARDIA AIRPORT, NY US",40.77945,-73.88027,3.0,2022-02-19,7.6,0.0,0.0,0.0,0.1,5.0,-3.8,300,290,16.5,20.6,,,33400
USW00014732,"LAGUARDIA AIRPORT, NY US",40.77945,-73.88027,3.0,2022-02-20,5.8,0.0,0.0,0.0,-2.6,2.2,-5.5,310,310,15.7,21.9,,,31959
USW00014732,"LAGUARDIA AIRPORT, NY US",40.77945,-73.88027,3.0,2022-02-21,3.4,0.0,0.0,0.0,4.1,12.2,0.6,210,220,7.2,10.3,,,53863
USW00014732,"LAGUARDIA AIRPORT, NY US",40.77945,-73.88027,3.0,2022-02-22,4.5,5.8,0.0,0.0,5.6,13.3,2.2,170,180,10.3,13.9,1.0,1.0,37452
USW00014732,"LAGUARDIA AIRPORT, NY US",40.77945,-73.88027,3.0,2022-02-23,6.4,0.0,0.0,0.0,14.4,20.0,2.2,320,320,14.3,17.9,,,68175
USW00014732,"LAGUARDIA AIRPORT, NY US",40.77945,-73.88027,3.0,2022-02-24,4.8,0.0,0.0,0.0,1.1,2.2,-1.6,330,330,9.4,11.6,,,46001
USW00014732,"LAGUARDIA AIRPORT, NY US",40.77945,-73.88027,3.0,2022-02-25,6.6,20.8,8.0,0.0,0.8,6.1,-2.7,320,320,11.6,15.7,1.0,,31350
USW00014732,"LAGUARDIA AIRPORT, NY US",40.77945,-73.88027,3.0,2022-02-26,5.0,0.0,0.0,0.0,-1.1,3.3,-4.3,320,310,10.7,14.3,,,42732
USW00014732,"LAGUARDIA AIRPORT, NY US",40.77945,-73.88027,3.0,2022-02-27,7.2,0.0,0.0,0.0,2.4,8.9,-1.0,310,250,13.4,19.2,,,44121
USW00014732,"LAGUARDIA AIRPORT, NY US",40.77945,-73.88027,3.0,2022-02-28,5.2,0.0,0.0,0.0,0.8,2.2,-2.7,320,320,11.2,15.7,,,46930
USW00014732,"LAGUARDIA AIRPORT, NY US",40.77945,-73.88027,3.0,2022-03-01,4.2,0.0,0.0,0.0,2.6,8.9,-0.5,170,190,10.3,13.0,,,57432
USW00014732,"LAGUARDIA AIRPORT, NY US",40.77945,-73.88027,3.0,2022-03-02,4.7,0.0,0.0,0.0,7.7,11.7,4.4,310,310,8.1,10.3,,,68718
USW00014732,"LAGUARDIA AIRPORT, NY US",40.77945,-73.88027,3.0,2022-03-03,8.2,0.8,0.0,0.0,5.6,8.9,-3.8,310,320,13.4,17.0,,,56795
USW00014732,"LAGUARDIA AIRPORT, NY US",40.77945,-73.88027,3.0,2022-03-04,4.2,0.0,0.0,0.0,-1.9,3.3,-5.5,340,310,9.4,11.2,,,51059
USW00014732,"LAGUARDIA AIRPORT, NY US",40.77945,-73.88027,3.0,2022-03-05,3.0,0.0,0.0,0.0,3.1,7.2,-0.5,160,180,8.1,10.3,,,52695
USW00014732,"LAGUARDIA AIRPORT, NY US",40.77945,-73.88027,3.0,2022-03-06,4.7,1.3,0.0,0.0,9.6,20.0,3.9,220,210,9.8,13.0,,,55948
USW00014732,"LAGUARDIA AIRPORT, NY US",40.77945,-73.88027,3.0,2022-03-07,6.2,1.3,0.0,0.0,18.2,23.3,10.0,290,290,20.1,25.0,,,69568
USW00014732,"LAGUARDIA AIRPORT, NY US",40.77945,-73.88027,3.0,2022-03-08,8.2,0.0,0.0,0.0,8.7,10.0,4.4,310,310,17.0,20.6,,,63778
USW00014732,"LAGUARDIA AIRPORT, NY US",40.77945,-73.88027,3.0,2022-03-09,4.4,14.7,15.0,0.0,3.2,5.0,0.6,40,40,7.6,9.4,1.0,,28822
USW00014732,"LAGUARDIA AIRPORT, NY US",40.77945,-73.88027,3.0,2022-03-10,2.5,0.0,0.0,0.0,4.0,10.0,0.0,170,130,5.4,6.7,1.0,1.0,67868
USW00014732,"LAGUARDIA AIRPORT, NY US",40.77945,-73.88027,3.0,2022-03-11,3.1,0.0,0.0,0.0,7.2,11.7,2.2,150,160,7.2,9.4,,1.0,71017
USW00014732,"LAGUARDIA AIRPORT, NY US",40.77945,-73.88027,3.0,2022-03-12,8.4,11.9,23.0,0.0,5.1,8.3,-3.8,320,300,17.9,21.5,1.0,,20336
USW00014732,"LAGUARDIA AIRPORT, NY US",40.77945,-73.88027,3.0,2022-03-13,7.3,0.0,3.0,0.0,-2.3,1.7,-4.9,290,300,16.1,21.5,,,31815
USW00014732,"LAGUARDIA AIRPORT, NY US",40.77945,-73.88027,3.0,2022-03-14,4.4,0.0,0.0,0.0,5.3,13.9,1.1,160,210,8.1,10.3,,,64895
USW00014732,"LAGUARDIA AIRPORT, NY US",40.77945,-73.88027,3.0,2022-03-15,4.1,0.0,0.0,0.0,11.6,20.0,7.8,310,310,11.2,13.0,,,80950
USW00014732,"LAGUARDIA AIRPORT, NY US",40.77945,-73.88027,3.0,2022-03-16,3.5,0.0,0.0,0.0,13.6,17.8,6.1,170,280,7.6,10.3,,,83460
USW00014732,"LAGUARDIA AIRPORT, NY US",40.77945,-73.88027,3.0,2022-03-17,4.1,2.8,0.0,0.0,8.2,12.8,5.6,50,40,7.2,8.5,1.0,1.0,51187
USW00014732,"LAGUARDIA AIRPORT, NY US",40.77945,-73.88027,3.0,2022-03-18,3.4,0.0,0.0,0.0,13.9,22.8,9.4,160,170,7.2,8.9,1.0,1.0,95284
USW00014732,"LAGUARDIA AIRPORT, NY US",40.77945,-73.88027,3.0,2022-03-19,3.3,1.8,0.0,0.0,13.1,20.0,7.8,160,160,7.2,8.5,1.0,1.0,79685
USW00014732,"LAGUARDIA AIRPORT, NY US",40.77945,-73.88027,3.0,2022-03-20,7.3,0.0,0.0,0.0,14.3,16.1,7.8,310,310,14.3,17.9,,,67065
USW00014732,"LAGUARDIA AIRPORT, NY US",40.77945,-73.88027,3.0,2022-03-21,6.4,0.0,0.0,0.0,10.4,16.7,6.7,310,290,12.5,15.7,,,74997
USW00014732,"LAGUARDIA AIRPORT, NY US",40.77945,-73.88027,3.0,2022-03-22,7.2,0.0,0.0,0.0,10.7,13.9,6.7,310,320,11.2,13.4,,,77201
USW00014732,"LAGUARDIA AIRPORT, NY US",40.77945,-73.88027,3.0,2022-03-23,5.2,2.8,0.0,0.0,7.2,8.3,3.9,110,50,8.9,10.3,,,62383
USW00014732,"LAGUARDIA AIRPORT, NY US",40.77945,-73.88027,3.0,2022-03-24,7.6,25.9,0.0,0.0,5.7,8.3,3.9,50,50,12.5,15.2,1.0,,46992
USW00014732,"LAGUARDIA AIRPORT, NY US",40.77945,-73.88027,3.0,2022-03-25,4.8,0.8,0.0,0.0,9.6,15.6,6.7,260,270,9.8,13.9,1.0,,76966
USW00014732,"LAGUARDIA AIRPORT, NY US",40.77945,-73.88027,3.0,2022-03-26,5.5,1.0,0.0,0.0,10.4,11.7,6.1,270,250,10.7,14.3,,,63708
USW00014732,"LAGUARDIA AIRPORT, NY US",40.77945,-73.88027,3.0,2022-03-27,8.2,0.0,0.0,0.0,5.9,7.2,-1.0,310,290,13.9,17.0,,,46883
USW00014732,"LAGUARDIA AIRPORT, NY US",40.77945,-73.88027,3.0,2022-03-28,9.9,0.0,0.0,0.0,-1.5,0.0,-4.3,330,270,14.3,18.8,,,39187
USW00014732,"LAGUARDIA AIRPORT, NY US",40.77945,-73.88027,3.0,2022-03-29,8.5,0.0,0.0,0.0,-1.2,2.8,-3.8,310,290,12.5,15.7,,,49720
USW00014732,"LAGUARDIA AIRPORT, NY US",40.77945,-73.88027,3.0,2022-03-30,3.9,0.0,0.0,0.0,2.6,8.3,-1.0,310,310,9.4,10.7,,,62747
USW00014732,"LAGUARDIA AIRPORT, NY US",40.77945,-73.88027,3.0,2022-03-31,4.8,1.3,0.0,0.0,9.9,17.8,5.6,180,160,10.3,14.3,1.0,1.0,74283
USW00014732,"LAGUARDIA AIRPORT, NY US",40.77945,-73.88027,3.0,2022-04-01,7.6,6.6,0.0,0.0,13.1,16.1,6.1,290,290,16.1,20.6,1.0,,70244
USW00014732,"LAGUARDIA AIRPORT, NY US",40.77945,-73.88027,3.0,2022-04-02,6.1,0.0,0.0,0.0,7.2,12.8,3.9,310,310,13.0,16.1,,,74958
USW00014732,"LAGUARDIA AIRPORT, NY US",40.77945,-73.88027,3.0,2022-04-03,4.0,2.3,0.0,0.0,7.0,7.8,5.0,300,290,11.2,14.8,,,38074
USW00014732,"LAGUARDIA AIRPORT, NY US",40.77945,-73.88027,3.0,2022-04-04,5.4,0.0,0.0,0.0,7.6,12.2,4.4,310,300,10.7,13.4,,,70671
USW00014732,"LAGUARDIA AIRPORT, NY US",40.77945,-73.88027,3.0,2022-04-05,3.4,1.5,0.0,0.0,9.7,12.8,6.7,160,160,7.6,8.9,,,74265
USW00014732,"LAGUARDIA AIRPORT, NY US",40.77945,-73.88027,3.0,2022-04-06,6.9,9.1,0.0,0.0,8.6,11.7,6.7,50,60,13.4,17.4,1.0,,49773
USW00014732,"LAGUARDIA AIRPORT, NY US",40.77945,-73.88027,3.0,2022-04-07,7.5,24.6,0.0,0.0,9.1,13.3,7.8,130,110,15.7,22.4,1.0,1.0,36284
USW00014732,"LAGUARDIA AIRPORT, NY US",40.77945,-73.88027,3.0,2022-04-08,4.7,1.0,0.0,0.0,12.8,17.8,10.0,290,280,8.9,12.5,1.0,,90641
USW00014732,"LAGUARDIA AIRPORT, NY US",40.77945,-73.88027,3.0,2022-04-09,4.4,0.5,0.0,0.0,11.4,13.3,8.9,310,310,11.2,13.9,,,69105
USW00014732,"LAGUARDIA AIRPORT, NY US",40.77945,-73.88027,3.0,2022-04-10,7.9,0.0,0.0,0.0,8.6,9.4,6.1,320,300,13.4,16.1,,,58595
USW00014732,"LAGUARDIA AIRPORT, NY US",40.77945,-73.88027,3.0,2022-04-11,4.7,0.0,0.0,0.0,8.8,15.6,5.6,190,190,9.8,11.6,,,77371
USW00014732,"LAGUARDIA AIRPORT, NY US",40.77945,-73.88027,3.0,2022-04-12,3.3,1.0,0.0,0.0,13.4,21.7,10.0,300,310,7.2,9.4,,,95735
USW00014732,"LAGUARDIA AIRPORT, NY US",40.77945,-73.88027,3.0,2022-04-13,3.4,0.0,0.0,0.0,15.4,20.6,10.0,170,140,7.6,10.7,,,100803
USW00014732,"LAGUARDIA AIRPORT, NY US",40.77945,-73.88027,3.0,2022-04-14,4.9,2.8,0.0,0.0,16.3,21.7,12.8,320,320,12.5,16.1,,,92849
USW00014732,"LAGUARDIA AIRPORT, NY US",40.77945,-73.88027,3.0,2022-04-15,5.5,0.0,0.0,0.0,15.7,20.6,10.6,180,180,13.0,17.0,,,102100
USW00014732,"LAGUARDIA AIRPORT, NY US",40.77945,-73.88027,3.0,2022-04-16,5.6,3.6,0.0,0.0,15.7,21.1,7.2,330,330,11.6,14.3,,,84084
USW00014732,"LAGUARDIA AIRPORT, NY US",40.77945,-73.88027,3.0,2022-04-17,7.0,0.0,0.0,0.0,8.3,10.0,5.6,290,290,12.5,16.1,,,55577
USW00014732,"LAGUARDIA AIRPORT, NY US",40.77945,-73.88027,3.0,2022-04-18,5.7,23.4,0.0,0.0,7.9,11.7,5.0,70,80,11.6,14.8,1.0,,57235
USW00014732,"LAGUARDIA AIRPORT, NY US",40.77945,-73.88027,3.0,2022-04-19,8.8,29.0,0.0,0.0,7.6,10.0,4.4,260,280,14.3,18.3,1.0,,60480
USW00014732,"LAGUARDIA AIRPORT, NY US",40.77945,-73.88027,3.0,2022-04-20,5.5,0.0,0.0,0.0,9.4,15.6,6.1,300,290,11.6,14.8,,,87636
USW00014732,"LAGUARDIA AIRPORT, NY US",40.77945,-73.88027,3.0,2022-04-21,5.4,0.0,0.0,0.0,10.6,15.0,7.2,170,170,11.6,16.1,,,79750
USW00014732,"LAGUARDIA AIRPORT, NY US",40.77945,-73.88027,3.0,2022-04-22,4.8,0.0,0.0,0.0,14.6,20.0,11.1,300,330,10.3,12.5,,,100005
USW00014732,"LAGUARDIA AIRPORT, NY US",40.77945,-73.88027,3.0,2022-04-23,3.1,0.0,0.0,0.0,13.3,16.1,10.0,180,150,7.2,8.5,,,96936
USW00014732,"LAGUARDIA AIRPORT, NY US",40.77945,-73.88027,3.0,2022-04-24,4.1,0.0,0.0,0.0,12.8,15.6,8.9,40,150,8.1,10.3,,,85463
USW00014732,"LAGUARDIA AIRPORT, NY US",40.77945,-73.88027,3.0,2022-04-25,4.2,0.0,0.0,0.0,10.4,14.4,7.8,140,60,6.3,8.9,,,74762
USW00014732,"LAGUARDIA AIRPORT, NY US",40.77945,-73.88027,3.0,2022-04-26,3.8,1.3,0.0,0.0,11.5,15.6,10.0,50,40,7.6,10.7,1.0,1.0,76986
USW00014732,"LAGUARDIA AIRPORT, NY US",40.77945,-73.88027,3.0,2022-04-27,9.6,0.0,0.0,0.0,11.6,15.0,5.6,310,310,13.9,17.4,,,84742
USW00014732,"LAGUARDIA AIRPORT, NY US",40.77945,-73.88027,3.0,2022-04-28,9.3,0.0,0.0,0.0,8.2,13.3,5.0,320,320,13.9,18.3,,,80806
USW00014732,"LAGUARDIA AIRPORT, NY US",40.77945,-73.88027,3.0,2022-04-29,7.7,0.0,0.0,0.0,10.4,16.7,5.6,330,320,13.4,15.7,,,89424
USW00014732,"LAGUARDIA AIRPORT, NY US",40.77945,-73.88027,3.0,2022-04-30,3.6,0.0,0.0,0.0,12.9,19.4,8.3,160,350,7.2,9.4,,,104259
USW00014732,"LAGUARDIA AIRPORT, NY US",40.77945,-73.88027,3.0,2022-05-01,3.8,0.0,0.0,0.0,13.6,19.4,8.9,160,150,7.2,8.9,,,97344
USW00014732,"LAGUARDIA AIRPORT, NY US",40.77945,-73.88027,3.0,2022-05-02,4.3,8.9,0.0,0.0,12.1,13.9,10.0,130,40,8.9,10.3,1.0,1.0,56229
USW00014732,"LAGUARDIA AIRPORT, NY US",40.77945,-73.88027,3.0,2022-05-03,4.5,0.0,0.0,0.0,12.4,16.1,10.0,50,50,7.6,10.3,1.0,,95263
USW00014732,"LAGUARDIA AIRPORT, NY US",40.77945,-73.88027,3.0,2022-05-04,2.7,3.0,0.0,0.0,12.0,19.4,10.0,60,60,6.3,8.1,1.0,1.0,81915
USW00014732,"LAGUARDIA AIRPORT, NY US",40.77945,-73.88027,3.0,2022-05-05,4.1,0.0,0.0,0.0,17.2,21.7,13.3,340,360,7.2,9.4,,,113394
USW00014732,"LAGUARDIA AIRPORT, NY US",40.77945,-73.88027,3.0,2022-05-06,3.8,18.8,0.0,0.0,14.8,16.7,10.0,110,110,7.6,9.8,1.0,,36211
USW00014732,"LAGUARDIA AIRPORT, NY US",40.77945,-73.88027,3.0,2022-05-07,8.9,26.9,0.0,0.0,10.0,11.1,7.8,50,50,14.8,17.9,1.0,,21271
USW00014732,"LAGUARDIA AIRPORT, NY US",40.77945,-73.88027,3.0,2022-05-08,8.0,0.5,0.0,0.0,10.4,15.0,7.8,60,60,13.4,16.1,,,65005
USW00014732,"LAGUARDIA AIRPORT, NY US",40.77945,-73.88027,3.0,2022-05-09,7.0,0.0,0.0,0.0,13.5,20.6,8.3,50,50,10.7,12.5,,,96836
USW00014732,"LAGUARDIA AIRPORT, NY US",40.77945,-73.88027,3.0,2022-05-10,6.4,0.0,0.0,0.0,15.4,21.7,11.7,40,40,11.6,14.8,,,107649
USW00014732,"LAGUARDIA AIRPORT, NY US",40.77945,-73.88027,3.0,2022-05-11,4.1,0.0,0.0,0.0,16.1,24.4,11.7,50,40,9.4,11.2,,,110056
USW00014732,"LAGUARDIA AIRPORT, NY US",40.77945,-73.88027,3.0,2022-05-12,4.2,0.0,0.0,0.0,17.1,22.2,13.9,60,60,7.6,10.7,1.0,,113665
USW00014732,"LAGUARDIA AIRPORT, NY US",40.77945,-73.88027,3.0,2022-05-13,3.9,0.0,0.0,0.0,16.0,18.9,13.3,50,40,9.4,10.3,1.0,1.0,98440
USW00014732,"LAGUARDIA AIRPORT, NY US",40.77945,-73.88027,3.0,2022-05-14,2.9,7.1,0.0,0.0,17.9,23.3,14.4,160,150,8.1,9.8,1.0,1.0,81802
USW00014732,"LAGUARDIA AIRPORT, NY US",40.77945,-73.88027,3.0,2022-05-15,3.1,0.5,0.0,0.0,18.8,25.6,15.0,190,180,8.1,9.8,1.0,,111373
USW00014732,"LAGUARDIA AIRPORT, NY US",40.77945,-73.88027,3.0,2022-05-16,4.6,11.9,0.0,0.0,20.4,23.9,16.7,290,300,14.3,17.9,,,81406
USW00014732,"LAGUARDIA AIRPORT, NY US",40.77945,-73.88027,3.0,2022-05-17,7.0,0.0,0.0,0.0,19.7,25.6,15.0,300,290,14.8,19.2,,,120376
USW00014732,"LAGUARDIA AIRPORT, NY US",40.77945,-73.88027,3.0,2022-05-18,4.9,0.0,0.0,0.0,17.8,22.8,13.9,300,300,9.4,11.2,,,120400
USW00014732,"LAGUARDIA AIRPORT, NY US",40.77945,-73.88027,3.0,2022-05-19,3.0,18.3,0.0,0.0,15.5,20.0,12.8,130,140,6.3,7.6,1.0,1.0,92433
USW00014732,"LAGUARDIA AIRPORT, NY US",40.77945,-73.88027,3.0,2022-05-20,3.7,11.2,0.0,0.0,15.4,20.0,12.2,60,60,7.6,9.8,1.0,1.0,87405
USW00014732,"LAGUARDIA AIRPORT, NY US",40.77945,-73.88027,3.0,2022-05-21,2.6,0.0,0.0,0.0,21.2,32.8,14.4,170,170,6.7,8.1,,1.0,118165
USW00014732,"LAGUARDIA AIRPORT, NY US",40.77945,-73.88027,3.0,2022-05-22,3.8,0.0,0.0,0.0,27.8,33.3,21.7,170,330,8.9,10.3,,,106060
USW00014732,"LAGUARDIA AIRPORT, NY US",40.77945,-73.88027,3.0,2022-05-23,5.0,0.0,0.0,0.0,21.0,22.8,16.7,360,360,9.8,12.1,,,103820
USW00014732,"LAGUARDIA AIRPORT, NY US",40.77945,-73.88027,3.0,2022-05-24,5.1,0.0,0.0,0.0,17.4,18.3,14.4,50,50,8.9,11.2,,,107315
USW00014732,"LAGUARDIA AIRPORT, NY US",40.77945,-73.88027,3.0,2022-05-25,3.6,0.0,0.0,0.0,16.2,21.1,12.8,160,190,6.7,9.4,,,116909
USW00014732,"LAGUARDIA AIRPORT, NY US",40.77945,-73.88027,3.0,2022-05-26,4.5,0.0,0.0,0.0,16.4,21.1,12.8,180,150,8.1,10.3,,,113837
USW00014732,"LAGUARDIA AIRPORT, NY US",40.77945,-73.88027,3.0,2022-05-27,4.4,4.1,0.0,0.0,20.2,26.1,17.8,170,170,10.3,12.5,1.0,1.0,91251
USW00014732,"LAGUARDIA AIRPORT, NY US",40.77945,-73.88027,3.0,2022-05-28,3.5,6.9,0.0,0.0,20.4,25.0,17.2,280,290,14.3,18.3,1.0,,84854
USW00014732,"LAGUARDIA AIRPORT, NY US",40.77945,-73.88027,3.0,2022-05-29,2.6,0.0,0.0,0.0,20.7,26.1,16.7,180,190,8.1,9.8,,,103741
USW00014732,"LAGUARDIA AIRPORT, NY US",40.77945,-73.88027,3.0,2022-05-30,3.6,0.0,0.0,0.0,23.3,30.0,18.3,170,170,8.9,10.3,,,103218
USW00014732,"LAGUARDIA AIRPORT, NY US",40.77945,-73.88027,3.0,2022-05-31,5.1,0.0,0.0,0.0,28.3,33.9,17.2,50,330,10.3,12.5,,,102957
USW00014732,"LAGUARDIA AIRPORT, NY US",40.77945,-73.88027,3.0,2022-06-01,5.1,21.3,0.0,0.0,17.8,19.4,15.0,50,50,10.3,11.6,1.0,,90340
USW00014732,"LAGUARDIA AIRPORT, NY US",40.77945,-73.88027,3.0,2022-06-02,3.1,13.2,0.0,0.0,20.3,28.3,16.7,340,330,11.2,15.7,1.0,,101166
USW00014732,"LAGUARDIA AIRPORT, NY US",40.77945,-73.88027,3.0,2022-06-03,3.8,0.0,0.0,0.0,19.5,23.9,16.1,50,40,6.7,8.1,1.0,1.0,123870
USW00014732,"LAGUARDIA AIRPORT, NY US",40.77945,-73.88027,3.0,2022-06-04,3.0,0.0,0.0,0.0,21.9,27.2,17.2,180,170,9.4,11.2,,,130555
USW00014732,"LAGUARDIA AIRPORT, NY US",40.77945,-73.88027,3.0,2022-06-05,3.2,0.0,0.0,0.0,20.0,24.4,15.6,310,340,7.2,10.3,,,118762
USW00014732,"LAGUARDIA AIRPORT, NY US",40.77945,-73.88027,3.0,2022-06-06,3.0,0.0,0.0,0.0,22.2,27.2,17.8,160,180,9.4,11.6,,,113007
USW00014732,"LAGUARDIA AIRPORT, NY US",40.77945,-73.88027,3.0,2022-06-07,6.9,1.3,0.0,0.0,21.8,25.6,18.3,170,150,12.5,16.5,,,106620
USW00014732,"LAGUARDIA AIRPORT, NY US",40.77945,-73.88027,3.0,2022-06-08,4.1,0.0,0.0,0.0,23.7,29.4,19.4,190,190,8.1,11.2,,,127068
USW00014732,"LAGUARDIA AIRPORT, NY US",40.77945,-73.88027,3.0,2022-06-09,6.5,17.8,0.0,0.0,24.4,29.4,18.9,270,260,11.2,14.8,1.0,,117823
USW00014732,"LAGUARDIA AIRPORT, NY US",40.77945,-73.88027,3.0,2022-06-10,4.4,0.0,0.0,0.0,21.8,26.7,17.8,280,280,8.1,11.6,,,125467
USW00014732,"LAGUARDIA AIRPORT, NY US",40.77945,-73.88027,3.0,2022-06-11,3.5,5.8,0.0,0.0,21.8,23.9,18.3,210,200,6.7,8.5,,,118389
USW00014732,"LAGUARDIA AIRPORT, NY US",40.77945,-73.88027,3.0,2022-06-12,4.2,2.0,0.0,0.0,20.5,22.8,17.8,170,160,9.4,11.2,,,92658
USW00014732,"LAGUARDIA AIRPORT, NY US",40.77945,-73.88027,3.0,2022-06-13,2.4,0.0,0.0,0.0,24.2,30.0,20.6,230,230,6.7,9.4,,1.0,114418
USW00014732,"LAGUARDIA AIRPORT, NY US",40.77945,-73.88027,3.0,2022-06-14,2.9,0.0,0.0,0.0,23.9,28.3,19.4,60,30,5.8,7.6,,,126657
USW00014732,"LAGUARDIA AIRPORT, NY US",40.77945,-73.88027,3.0,2022-06-15,4.4,0.0,0.0,0.0,23.3,27.2,19.4,180,180,9.4,10.7,,,131188
USW00014732,"LAGUARDIA AIRPORT, NY US",40.77945,-73.88027,3.0,2022-06-16,5.5,7.1,0.0,0.0,20.3,22.8,17.2,170,180,9.8,13.4,,,104936
USW00014732,"LAGUARDIA AIRPORT, NY US",40.77945,-73.88027,3.0,2022-06-17,5.6,0.0,0.0,0.0,25.2,33.3,21.1,270,260,12.5,15.2,,,122881
USW00014732,"LAGUARDIA AIRPORT, NY US",40.77945,-73.88027,3.0,2022-06-18,8.4,0.0,0.0,0.0,21.7,25.0,15.0,320,310,13.9,18.3,,,111681
USW00014732,"LAGUARDIA AIRPORT, NY US",40.77945,-73.88027,3.0,2022-06-19,7.2,0.0,0.0,0.0,17.3,23.3,13.3,340,340,12.5,16.1,,,108688
USW00014732,"LAGUARDIA AIRPORT, NY US",40.77945,-73.88027,3.0,2022-06-20,4.0,0.0,0.0,0.0,20.5,26.1,16.1,310,310,7.6,9.8,,,117156
USW00014732,"LAGUARDIA AIRPORT, NY US",40.77945,-73.88027,3.0,2022-06-21,2.7,2.3,0.0,0.0,22.1,25.0,17.8,50,60,6.3,8.9,1.0,,102116
USW00014732,"LAGUARDIA AIRPORT, NY US",40.77945,-73.88027,3.0,2022-06-22,4.6,2.5,0.0,0.0,19.1,20.0,16.7,120,150,7.6,10.3,1.0,1.0,97198
USW00014732,"LAGUARDIA AIRPORT, NY US",40.77945,-73.88027,3.0,2022-06-23,3.8,0.0,0.0,0.0,19.2,23.9,15.6,50,60,7.2,11.2,,,120734
USW00014732,"LAGUARDIA AIRPORT, NY US",40.77945,-73.88027,3.0,2022-06-24,2.5,0.0,0.0,0.0,21.9,28.3,17.8,170,160,8.1,10.3,,,127645
USW00014732,"LAGUARDIA AIRPORT, NY US",40.77945,-73.88027,3.0,2022-06-25,3.2,0.0,0.0,0.0,25.8,32.2,20.6,160,150,7.6,9.4,,,121606
USW00014732,"LAGUARDIA AIRPORT, NY US",40.77945,-73.88027,3.0,2022-06-26,4.0,0.0,0.0,0.0,27.0,32.8,21.7,160,190,10.7,13.9,,,109080
USW00014732,"LAGUARDIA AIRPORT, NY US",40.77945,-73.88027,3.0,2022-06-27,4.0,12.2,0.0,0.0,24.3,26.1,20.6,190,190,8.1,10.3,1.0,,81972
USW00014732,"LAGUARDIA AIRPORT, NY US",40.77945,-73.88027,3.0,2022-06-28,3.5,0.0,0.0,0.0,22.4,26.1,20.0,320,60,6.3,8.9,,,124745
USW00014732,"LAGUARDIA AIRPORT, NY US",40.77945,-73.88027,3.0,2022-06-29,3.2,0.0,0.0,0.0,23.9,30.0,18.9,190,180,8.9,10.7,,,124885
USW00014732,"LAGUARDIA AIRPORT, NY US",40.77945,-73.88027,3.0,2022-06-30,3.4,0.0,0.0,0.0,25.4,31.1,21.7,170,170,7.2,8.5,,,119572
USW00014732,"LAGUARDIA AIRPORT, NY US",40.77945,-73.88027,3.0,2022-07-01,4.7,0.0,0.0,0.0,28.1,35.0,23.9,230,230,9.8,13.9,,,106512
USW00014732,"LAGUARDIA AIRPORT, NY US",40.77945,-73.88027,3.0,2022-07-02,4.0,0.0,0.0,0.0,28.7,32.8,25.0,160,160,9.4,10.7,,,91281
USW00014732,"LAGUARDIA AIRPORT, NY US",40.77945,-73.88027,3.0,2022-07-03,3.7,0.0,0.0,0.0,26.9,31.1,23.3,330,320,8.1,10.3,,,91987
USW00014732,"LAGUARDIA AIRPORT, NY US",40.77945,-73.88027,3.0,2022-07-04,2.8,0.0,0.0,0.0,25.6,30.6,20.0,310,310,6.7,8.9,,,97590
USW00014732,"LAGUARDIA AIRPORT, NY US",40.77945,-73.88027,3.0,2022-07-05,5.5,2.0,0.0,0.0,25.9,31.1,22.8,180,180,10.7,13.9,,,91452
USW00014732,"LAGUARDIA AIRPORT, NY US",40.77945,-73.88027,3.0,2022-07-06,4.6,0.0,0.0,0.0,26.0,30.0,22.8,320,320,9.4,12.1,,,116243
USW00014732,"LAGUARDIA AIRPORT, NY US",40.77945,-73.88027,3.0,2022-07-07,4.7,0.0,0.0,0.0,24.2,27.8,21.1,120,50,7.2,10.3,,,118010
USW00014732,"LAGUARDIA AIRPORT, NY US",40.77945,-73.88027,3.0,2022-07-08,3.0,7.4,0.0,0.0,23.5,30.0,20.0,180,210,6.7,9.4,,,101322
USW00014732,"LAGUARDIA AIRPORT, NY US",40.77945,-73.88027,3.0,2022-07-09,3.1,0.0,0.0,0.0,24.7,28.9,22.2,60,60,6.7,8.1,,,126534
USW00014732,"LAGUARDIA AIRPORT, NY US",40.77945,-73.88027,3.0,2022-07-10,4.7,0.0,0.0,0.0,23.4,27.8,20.0,170,40,7.6,9.8,,,118774
USW00014732,"LAGUARDIA AIRPORT, NY US",40.77945,-73.88027,3.0,2022-07-11,5.2,0.0,0.0,0.0,24.0,28.9,20.6,190,180,10.7,13.4,,,114714
USW00014732,"LAGUARDIA AIRPORT, NY US",40.77945,-73.88027,3.0,2022-07-12,5.5,0.0,0.0,0.0,25.8,32.8,21.7,160,170,10.3,11.6,,,115157
USW00014732,"LAGUARDIA AIRPORT, NY US",40.77945,-73.88027,3.0,2022-07-13,3.5,0.0,0.0,0.0,28.9,33.3,23.9,170,180,7.6,10.3,,,124307
USW00014732,"LAGUARDIA AIRPORT, NY US",40.77945,-73.88027,3.0,2022-07-14,3.4,0.0,0.0,0.0,26.6,32.2,22.2,310,330,7.2,8.9,,,123861
USW00014732,"LAGUARDIA AIRPORT, NY US",40.77945,-73.88027,3.0,2022-07-15,3.9,0.0,0.0,0.0,26.1,30.0,22.2,160,60,6.7,10.3,,,122804
USW00014732,"LAGUARDIA AIRPORT, NY US",40.77945,-73.88027,3.0,2022-07-16,3.5,14.0,0.0,0.0,24.3,28.9,20.6,300,310,14.8,18.3,,,114688
USW00014732,"LAGUARDIA AIRPORT, NY US",40.77945,-73.88027,3.0,2022-07-17,3.2,0.0,0.0,0.0,25.7,28.9,22.8,180,180,7.2,8.9,,,114103
USW00014732,"LAGUARDIA AIRPORT, NY US",40.77945,-73.88027,3.0,2022-07-18,4.6,8.6,0.0,0.0,26.2,31.1,22.8,270,250,10.3,13.9,1.0,1.0,85976
USW00014732,"LAGUARDIA AIRPORT, NY US",40.77945,-73.88027,3.0,2022-07-19,5.6,0.0,0.0,0.0,28.2,33.9,23.9,260,250,9.8,13.0,,,123335
USW00014732,"LAGUARDIA AIRPORT, NY US",40.77945,-73.88027,3.0,2022-07-20,3.7,0.0,0.0,0.0,31.3,36.1,26.7,160,160,9.4,11.2,,,121408
USW00014732,"LAGUARDIA AIRPORT, NY US",40.77945,-73.88027,3.0,2022-07-21,4.7,14.5,0.0,0.0,29.8,36.1,23.3,320,40,12.5,18.3,1.0,,112282
USW00014732,"LAGUARDIA AIRPORT, NY US",40.77945,-73.88027,3.0,2022-07-22,3.5,0.0,0.0,0.0,30.9,35.6,26.1,330,300,9.4,13.9,,,115384
USW00014732,"LAGUARDIA AIRPORT, NY US",40.77945,-73.88027,3.0,2022-07-23,3.5,0.0,0.0,0.0,30.3,36.1,26.1,190,180,8.9,10.3,,,110836
USW00014732,"LAGUARDIA AIRPORT, NY US",40.77945,-73.88027,3.0,2022-07-24,4.9,0.0,0.0,0.0,31.1,36.7,27.8,160,170,9.4,11.2,,,102668
USW00014732,"LAGUARDIA AIRPORT, NY US",40.77945,-73.88027,3.0,2022-07-25,4.7,19.3,0.0,0.0,29.8,31.7,23.3,310,300,13.0,17.0,,,99366
USW00014732,"LAGUARDIA AIRPORT, NY US",40.77945,-73.88027,3.0,2022-07-26,3.4,0.0,0.0,0.0,25.9,27.8,22.2,50,50,9.8,11.6,,,126208
USW00014732,"LAGUARDIA AIRPORT, NY US",40.77945,-73.88027,3.0,2022-07-27,3.6,0.0,0.0,0.0,25.5,30.0,21.1,190,170,7.6,9.8,,,128834
USW00014732,"LAGUARDIA AIRPORT, NY US",40.77945,-73.88027,3.0,2022-07-28,4.3,2.0,0.0,0.0,26.7,31.1,23.9,170,180,9.4,10.7,,,121009
USW00014732,"LAGUARDIA AIRPORT, NY US",40.77945,-73.88027,3.0,2022-07-29,3.5,0.5,0.0,0.0,28.2,30.6,23.9,270,260,6.7,8.9,,,118209
USW00014732,"LAGUARDIA AIRPORT, NY US",40.77945,-73.88027,3.0,2022-07-30,4.7,0.0,0.0,0.0,26.7,31.1,23.3,310,320,8.9,11.6,,,126697
USW00014732,"LAGUARDIA AIRPORT, NY US",40.77945,-73.88027,3.0,2022-07-31,3.4,0.0,0.0,0.0,26.3,30.6,22.2,160,160,7.2,9.4,,,115839
USW00014732,"LAGUARDIA AIRPORT, NY US",40.77945,-73.88027,3.0,2022-08-01,3.1,10.4,0.0,0.0,23.1,26.1,20.0,60,60,6.3,11.2,1.0,1.0,101128
USW00014732,"LAGUARDIA AIRPORT, NY US",40.77945,-73.88027,3.0,2022-08-02,3.6,0.0,0.0,0.0,26.4,33.9,21.7,250,270,7.2,9.4,,,124550
USW00014732,"LAGUARDIA AIRPORT, NY US",40.77945,-73.88027,3.0,2022-08-03,3.9,0.0,0.0,0.0,27.6,33.3,23.3,180,160,7.6,9.8,,,128648
USW00014732,"LAGUARDIA AIRPORT, NY US",40.77945,-73.88027,3.0,2022-08-04,4.2,0.0,0.0,0.0,29.1,34.4,26.1,190,190,10.3,12.5,,,121530
USW00014732,"LAGUARDIA AIRPORT, NY US",40.77945,-73.88027,3.0,2022-08-05,3.6,0.0,0.0,230.0,29.3,34.4,26.7,260,250,7.6,9.8,,,117754
USW00014732,"LAGUARDIA AIRPORT, NY US",40.77945,-73.88027,3.0,2022-08-06,4.2,0.0,0.0,0.0,29.6,34.4,26.1,220,220,8.9,11.6,,,126469
USW00014732,"LAGUARDIA AIRPORT, NY US",40.77945,-73.88027,3.0,2022-08-07,4.8,15.5,0.0,0.0,29.6,33.9,25.0,240,200,10.3,14.8,,,97764
USW00014732,"LAGUARDIA AIRPORT, NY US",40.77945,-73.88027,3.0,2022-08-08,5.5,0.0,0.0,0.0,30.3,34.4,26.7,160,170,9.4,11.6,,,107354
USW00014732,"LAGUARDIA AIRPORT, NY US",40.77945,-73.88027,3.0,2022-08-09,4.0,1.3,0.0,0.0,31.3,36.7,26.7,310,310,13.0,17.0,,,112465
USW00014732,"LAGUARDIA AIRPORT, NY US",40.77945,-73.88027,3.0,2022-08-10,3.8,0.0,0.0,0.0,27.2,30.0,23.9,180,80,6.7,8.5,,,127251
USW00014732,"LAGUARDIA AIRPORT, NY US",40.77945,-73.88027,3.0,2022-08-11,3.3,3.3,0.0,0.0,26.6,32.8,23.3,170,260,7.6,8.9,1.0,,117476
USW00014732,"LAGUARDIA AIRPORT, NY US",40.77945,-73.88027,3.0,2022-08-12,5.0,0.0,0.0,0.0,25.6,29.4,22.2,20,10,8.9,11.2,,,126404
USW00014732,"LAGUARDIA AIRPORT, NY US",40.77945,-73.88027,3.0,2022-08-13,4.0,0.0,0.0,0.0,23.1,26.7,18.9,360,350,7.6,10.3,,,135884
USW00014732,"LAGUARDIA AIRPORT, NY US",40.77945,-73.88027,3.0,2022-08-14,3.9,0.0,0.0,0.0,24.0,28.3,21.1,170,170,9.4,11.2,,,114891
USW00014732,"LAGUARDIA AIRPORT, NY US",40.77945,-73.88027,3.0,2022-08-15,2.9,0.0,0.0,0.0,24.3,28.3,21.7,130,60,6.3,9.8,,,115123
USW00014732,"LAGUARDIA AIRPORT, NY US",40.77945,-73.88027,3.0,2022-08-16,3.8,0.0,0.0,0.0,23.6,28.9,19.4,60,60,8.1,10.7,,,126078
USW00014732,"LAGUARDIA AIRPORT, NY US",40.77945,-73.88027,3.0,2022-08-17,3.0,7.9,0.0,0.0,23.6,27.8,20.0,60,50,9.8,12.1,,,123933
USW00014732,"LAGUARDIA AIRPORT, NY US",40.77945,-73.88027,3.0,2022-08-18,3.4,0.0,0.0,0.0,24.1,31.1,20.0,190,260,7.2,9.4,,,125828
USW00014732,"LAGUARDIA AIRPORT, NY US",40.77945,-73.88027,3.0,2022-08-19,3.6,0.0,0.0,0.0,26.3,32.2,22.8,180,180,9.4,12.1,,,124513
USW00014732,"LAGUARDIA AIRPORT, NY US",40.77945,-73.88027,3.0,2022-08-20,3.2,0.0,0.0,0.0,27.9,32.8,24.4,180,170,8.9,11.2,,,132446
USW00014732,"LAGUARDIA AIRPORT, NY US",40.77945,-73.88027,3.0,2022-08-21,3.9,0.0,0.0,0.0,25.3,28.3,22.8,140,140,6.3,8.9,,,113652
USW00014732,"LAGUARDIA AIRPORT, NY US",40.77945,-73.88027,3.0,2022-08-22,3.4,6.1,0.0,0.0,24.5,27.2,22.8,160,160,7.6,9.4,,,88537
USW00014732,"LAGUARDIA AIRPORT, NY US",40.77945,-73.88027,3.0,2022-08-23,3.9,0.0,0.0,0.0,25.9,31.1,22.8,300,290,9.4,11.6,1.0,,122067
USW00014732,"LAGUARDIA AIRPORT, NY US",40.77945,-73.88027,3.0,2022-08-24,4.0,0.0,0.0,0.0,26.9,32.2,23.3,310,260,6.7,9.4,,,126560
USW00014732,"LAGUARDIA AIRPORT, NY US",40.77945,-73.88027,3.0,2022-08-25,3.3,0.0,0.0,0.0,28.1,32.8,23.9,170,170,8.9,10.7,,,123828
USW00014732,"LAGUARDIA AIRPORT, NY US",40.77945,-73.88027,3.0,2022-08-26,4.0,7.1,0.0,0.0,27.4,31.1,25.6,170,190,9.4,11.2,,,111955
USW00014732,"LAGUARDIA AIRPORT, NY US",40.77945,-73.88027,3.0,2022-08-27,3.0,0.0,0.0,0.0,27.8,31.1,23.9,160,50,6.3,8.1,,,121289
USW00014732,"LAGUARDIA AIRPORT, NY US",40.77945,-73.88027,3.0,2022-08-28,4.7,0.0,0.0,0.0,24.6,26.7,22.8,50,50,7.2,9.8,,,110912
USW00014732,"LAGUARDIA AIRPORT, NY US",40.77945,-73.88027,3.0,2022-08-29,4.6,0.0,0.0,0.0,26.0,30.6,23.9,170,180,9.8,12.1,,,111304
USW00014732,"LAGUARDIA AIRPORT, NY US",40.77945,-73.88027,3.0,2022-08-30,5.1,1.0,0.0,0.0,26.8,31.7,23.9,180,170,11.2,14.8,,,116826
USW00014732,"LAGUARDIA AIRPORT, NY US",40.77945,-73.88027,3.0,2022-08-31,5.3,0.0,0.0,0.0,25.6,29.4,22.2,300,300,10.3,13.9,,,126890
USW00014732,"LAGUARDIA AIRPORT, NY US",40.77945,-73.88027,3.0,2022-09-01,5.8,0.0,0.0,0.0,25.9,30.0,20.6,310,300,8.9,12.1,,,125121
USW00014732,"LAGUARDIA AIRPORT, NY US",40.77945,-73.88027,3.0,2022-09-02,4.4,0.0,0.0,0.0,21.7,25.6,17.2,40,50,7.2,8.9,,,119742
USW00014732,"LAGUARDIA AIRPORT, NY US",40.77945,-73.88027,3.0,2022-09-03,3.1,0.0,0.0,0.0,22.8,27.8,20.0,160,70,6.3,8.5,,,110856
USW00014732,"LAGUARDIA AIRPORT, NY US",40.77945,-73.88027,3.0,2022-09-04,3.0,0.0,0.0,0.0,25.3,31.7,22.8,160,160,7.6,8.9,,,102298
USW00014732,"LAGUARDIA AIRPORT, NY US",40.77945,-73.88027,3.0,2022-09-05,3.9,0.3,0.0,0.0,25.8,30.6,23.3,180,170,8.1,10.3,,,96611
USW00014732,"LAGUARDIA AIRPORT, NY US",40.77945,-73.88027,3.0,2022-09-06,3.8,29.5,0.0,0.0,23.3,24.4,20.0,60,70,10.3,12.5,1.0,1.0,42000
USW00014732,"LAGUARDIA AIRPORT, NY US",40.77945,-73.88027,3.0,2022-09-07,6.0,0.0,0.0,0.0,20.8,23.3,19.4,60,60,10.7,13.0,,1.0,116330
USW00014732,"LAGUARDIA AIRPORT, NY US",40.77945,-73.88027,3.0,2022-09-08,3.5,0.0,0.0,0.0,21.8,25.6,18.3,70,50,7.2,9.4,,,138383
USW00014732,"LAGUARDIA AIRPORT, NY US",40.77945,-73.88027,3.0,2022-09-09,4.0,0.0,0.0,0.0,21.9,27.2,17.8,50,60,6.3,9.8,,,137341
USW00014732,"LAGUARDIA AIRPORT, NY US",40.77945,-73.88027,3.0,2022-09-10,2.7,0.0,0.0,0.0,23.6,30.0,20.0,190,140,6.7,8.9,,,138363
USW00014732,"LAGUARDIA AIRPORT, NY US",40.77945,-73.88027,3.0,2022-09-11,2.6,6.9,0.0,0.0,23.2,25.0,19.4,50,60,4.5,7.6,1.0,,69610
USW00014732,"LAGUARDIA AIRPORT, NY US",40.77945,-73.88027,3.0,2022-09-12,3.0,23.6,0.0,0.0,22.4,27.8,20.6,170,60,5.8,8.1,1.0,,118430
USW00014732,"LAGUARDIA AIRPORT, NY US",40.77945,-73.88027,3.0,2022-09-13,4.3,42.9,0.0,0.0,24.7,28.9,20.0,260,250,9.8,13.4,1.0,,125741
USW00014732,"LAGUARDIA AIRPORT, NY US",40.77945,-73.88027,3.0,2022-09-14,5.2,0.0,0.0,0.0,22.9,26.7,18.3,310,310,8.9,11.6,,,138737
USW00014732,"LAGUARDIA AIRPORT, NY US",40.77945,-73.88027,3.0,2022-09-15,4.8,0.0,0.0,0.0,21.8,23.3,18.3,330,340,10.7,13.0,,,135997
USW00014732,"LAGUARDIA AIRPORT, NY US",40.77945,-73.88027,3.0,2022-09-16,2.6,0.0,0.0,0.0,19.6,25.0,15.0,50,60,5.4,6.3,,,135292
USW00014732,"LAGUARDIA AIRPORT, NY US",40.77945,-73.88027,3.0,2022-09-17,4.2,0.0,0.0,0.0,20.8,23.3,18.3,210,50,6.3,10.3,,,134089
USW00014732,"LAGUARDIA AIRPORT, NY US",40.77945,-73.88027,3.0,2022-09-18,5.0,0.0,0.0,0.0,23.4,29.4,20.0,240,230,8.9,11.2,,,119804
USW00014732,"LAGUARDIA AIRPORT, NY US",40.77945,-73.88027,3.0,2022-09-19,4.3,1.8,0.0,0.0,25.6,30.0,21.7,270,260,13.4,16.5,,,105746
USW00014732,"LAGUARDIA AIRPORT, NY US",40.77945,-73.88027,3.0,2022-09-20,5.2,0.0,0.0,0.0,23.2,26.1,20.6,290,290,10.3,13.0,,,133629
USW00014732,"LAGUARDIA AIRPORT, NY US",40.77945,-73.88027,3.0,2022-09-21,3.3,0.0,0.0,0.0,22.0,27.2,18.3,170,170,8.1,9.4,,,137221
USW00014732,"LAGUARDIA AIRPORT, NY US",40.77945,-73.88027,3.0,2022-09-22,6.2,4.3,0.0,0.0,21.8,25.6,14.4,310,310,13.0,17.0,,,105017
USW00014732,"LAGUARDIA AIRPORT, NY US",40.77945,-73.88027,3.0,2022-09-23,8.8,0.0,0.0,0.0,15.1,17.8,11.1,310,340,13.0,16.1,,,116488
USW00014732,"LAGUARDIA AIRPORT, NY US",40.77945,-73.88027,3.0,2022-09-24,4.3,0.0,0.0,0.0,14.5,21.7,10.6,330,330,8.9,11.2,,,116340
USW00014732,"LAGUARDIA AIRPORT, NY US",40.77945,-73.88027,3.0,2022-09-25,4.3,19.8,0.0,0.0,19.2,25.0,16.1,260,270,10.7,14.3,1.0,,89222
USW00014732,"LAGUARDIA AIRPORT, NY US",40.77945,-73.88027,3.0,2022-09-26,4.9,0.0,0.0,0.0,19.4,25.6,15.6,220,260,8.9,13.4,,,108384
USW00014732,"LAGUARDIA AIRPORT, NY US",40.77945,-73.88027,3.0,2022-09-27,4.3,0.0,0.0,0.0,19.7,21.7,16.7,270,270,8.9,11.6,,,119683
USW00014732,"LAGUARDIA AIRPORT, NY US",40.77945,-73.88027,3.0,2022-09-28,4.5,0.0,0.0,0.0,17.2,21.1,12.8,360,10,7.2,9.8,,,127208
USW00014732,"LAGUARDIA AIRPORT, NY US",40.77945,-73.88027,3.0,2022-09-29,5.1,0.0,0.0,0.0,16.6,19.4,13.3,20,20,8.9,11.2,,,124750
USW00014732,"LAGUARDIA AIRPORT, NY US",40.77945,-73.88027,3.0,2022-09-30,5.6,0.0,0.0,0.0,14.5,17.8,11.7,70,60,8.9,10.3,,,118690
USW00014732,"LAGUARDIA AIRPORT, NY US",40.77945,-73.88027,3.0,2022-10-01,7.8,16.8,0.0,0.0,14.8,17.2,11.7,50,50,13.4,16.1,1.0,,61578
USW00014732,"LAGUARDIA AIRPORT, NY US",40.77945,-73.88027,3.0,2022-10-02,10.2,1.8,0.0,0.0,15.2,16.7,11.7,50,50,16.1,21.0,,,53214
USW00014732,"LAGUARDIA AIRPORT, NY US",40.77945,-73.88027,3.0,2022-10-03,8.4,11.4,0.0,0.0,11.5,12.8,9.4,40,40,13.0,16.1,,,50912
USW00014732,"LAGUARDIA AIRPORT, NY US",40.77945,-73.88027,3.0,2022-10-04,7.0,45.0,0.0,0.0,10.3,15.0,7.8,30,40,10.3,13.4,1.0,1.0,53720
USW00014732,"LAGUARDIA AIRPORT, NY US",40.77945,-73.88027,3.0,2022-10-05,4.8,10.7,0.0,0.0,13.8,15.0,12.2,350,350,7.2,9.8,1.0,,71329
USW00014732,"LAGUARDIA AIRPORT, NY US",40.77945,-73.88027,3.0,2022-10-06,1.7,0.0,0.0,0.0,17.6,24.4,13.9,320,20,5.4,6.3,,,127479
USW00014732,"LAGUARDIA AIRPORT, NY US",40.77945,-73.88027,3.0,2022-10-07,3.9,0.0,0.0,0.0,20.3,25.6,15.0,320,320,9.4,11.2,,,127008
USW00014732,"LAGUARDIA AIRPORT, NY US",40.77945,-73.88027,3.0,2022-10-08,4.8,0.5,0.0,0.0,13.9,15.0,10.0,320,320,9.8,11.6,,,103614
USW00014732,"LAGUARDIA AIRPORT, NY US",40.77945,-73.88027,3.0,2022-10-09,3.5,0.0,0.0,0.0,12.3,17.8,7.8,260,300,7.6,10.7,,,96554
USW00014732,"LAGUARDIA AIRPORT, NY US",40.77945,-73.88027,3.0,2022-10-10,3.3,0.0,0.0,0.0,15.8,20.6,11.7,270,250,7.2,10.3,,,99003
USW00014732,"LAGUARDIA AIRPORT, NY US",40.77945,-73.88027,3.0,2022-10-11,2.5,0.0,0.0,0.0,17.0,22.2,12.2,180,180,6.3,8.1,,,115120
USW00014732,"LAGUARDIA AIRPORT, NY US",40.77945,-73.88027,3.0,2022-10-12,3.5,0.0,0.0,0.0,17.9,21.1,14.4,170,180,9.4,11.6,,,121754
USW00014732,"LAGUARDIA AIRPORT, NY US",40.77945,-73.88027,3.0,2022-10-13,5.5,19.8,0.0,0.0,18.7,21.7,12.8,300,170,11.2,14.3,1.0,,75635
USW00014732,"LAGUARDIA AIRPORT, NY US",40.77945,-73.88027,3.0,2022-10-14,3.7,5.1,0.0,0.0,15.7,20.6,11.7,310,310,8.9,11.6,1.0,,118283
USW00014732,"LAGUARDIA AIRPORT, NY US",40.77945,-73.88027,3.0,2022-10-15,3.6,0.0,0.0,0.0,16.2,20.6,11.7,180,190,9.8,12.5,,,121431
USW00014732,"LAGUARDIA AIRPORT, NY US",40.77945,-73.88027,3.0,2022-10-16,1.9,0.0,0.0,0.0,16.1,19.4,12.2,360,220,5.4,6.3,,,104099
USW00014732,"LAGUARDIA AIRPORT, NY US",40.77945,-73.88027,3.0,2022-10-17,3.4,3.3,0.0,0.0,16.6,20.0,13.9,310,160,7.6,9.8,1.0,,91303
USW00014732,"LAGUARDIA AIRPORT, NY US",40.77945,-73.88027,3.0,2022-10-18,4.9,0.0,0.0,0.0,12.6,14.4,9.4,300,300,8.9,11.6,,,104069
USW00014732,"LAGUARDIA AIRPORT, NY US",40.77945,-73.88027,3.0,2022-10-19,5.0,0.0,0.0,0.0,10.0,12.8,6.7,220,230,9.4,13.0,,,102662
USW00014732,"LAGUARDIA AIRPORT, NY US",40.77945,-73.88027,3.0,2022-10-20,5.5,0.0,0.0,0.0,11.1,15.6,7.2,220,240,9.8,13.0,,,107486
USW00014732,"LAGUARDIA AIRPORT, NY US",40.77945,-73.88027,3.0,2022-10-21,2.4,0.0,0.0,0.0,13.4,17.8,9.4,270,280,6.3,7.6,,,111624
USW00014732,"LAGUARDIA AIRPORT, NY US",40.77945,-73.88027,3.0,2022-10-22,2.0,0.0,0.0,0.0,14.4,19.4,10.0,160,170,5.8,7.2,,,114545
USW00014732,"LAGUARDIA AIRPORT, NY US",40.77945,-73.88027,3.0,2022-10-23,6.0,0.0,0.0,0.0,14.7,16.7,13.3,40,50,10.3,13.4,,,68572
USW00014732,"LAGUARDIA AIRPORT, NY US",40.77945,-73.88027,3.0,2022-10-24,5.9,11.7,0.0,0.0,14.1,16.7,12.8,60,60,9.8,11.6,1.0,1.0,68400
USW00014732,"LAGUARDIA AIRPORT, NY US",40.77945,-73.88027,3.0,2022-10-25,3.3,0.3,0.0,0.0,16.9,19.4,16.1,50,40,6.3,7.2,1.0,,101466
USW00014732,"LAGUARDIA AIRPORT, NY US",40.77945,-73.88027,3.0,2022-10-26,2.9,0.0,0.0,0.0,18.3,23.3,16.7,260,270,8.1,11.2,1.0,1.0,115945
USW00014732,"LAGUARDIA AIRPORT, NY US",40.77945,-73.88027,3.0,2022-10-27,6.2,0.0,0.0,0.0,16.9,18.3,11.1,320,320,10.3,13.0,,,119127
USW00014732,"LAGUARDIA AIRPORT, NY US",40.77945,-73.88027,3.0,2022-10-28,4.7,0.0,0.0,0.0,11.3,14.4,7.8,40,60,9.4,12.1,,,109592
USW00014732,"LAGUARDIA AIRPORT, NY US",40.77945,-73.88027,3.0,2022-10-29,2.6,0.0,0.0,0.0,10.8,15.0,7.2,50,70,6.3,8.1,,,108200
USW00014732,"LAGUARDIA AIRPORT, NY US",40.77945,-73.88027,3.0,2022-10-30,1.7,0.0,0.0,0.0,12.5,17.8,8.3,50,70,4.0,6.7,,,98453
USW00014732,"LAGUARDIA AIRPORT, NY US",40.77945,-73.88027,3.0,2022-10-31,2.7,1.8,0.0,0.0,14.4,18.9,11.1,220,210,5.8,7.6,,,99493
USW00014732,"LAGUARDIA AIRPORT, NY US",40.77945,-73.88027,3.0,2022-11-01,3.9,4.1,0.0,0.0,16.9,19.4,15.0,300,300,6.7,8.5,1.0,,106823
USW00014732,"LAGUARDIA AIRPORT, NY US",40.77945,-73.88027,3.0,2022-11-02,2.7,0.0,0.0,0.0,17.6,21.7,13.9,40,40,6.7,8.9,,,121039
USW00014732,"LAGUARDIA AIRPORT, NY US",40.77945,-73.88027,3.0,2022-11-03,2.3,0.0,0.0,0.0,15.7,20.0,11.7,120,90,5.4,7.2,,,120221
USW00014732,"LAGUARDIA AIRPORT, NY US",40.77945,-73.88027,3.0,2022-11-04,2.7,0.0,0.0,0.0,15.2,22.2,11.1,180,190,6.7,8.1,1.0,1.0,122402
USW00014732,"LAGUARDIA AIRPORT, NY US",40.77945,-73.88027,3.0,2022-11-05,4.7,0.0,0.0,0.0,19.4,23.9,17.2,170,170,9.4,12.1,,,125658
USW00014732,"LAGUARDIA AIRPORT, NY US",40.77945,-73.88027,3.0,2022-11-06,3.5,0.3,0.0,0.0,19.8,23.9,17.2,160,170,6.7,8.5,,,106552
USW00014732,"LAGUARDIA AIRPORT, NY US",40.77945,-73.88027,3.0,2022-11-07,5.8,0.5,0.0,0.0,21.3,25.6,13.3,330,330,11.2,14.8,,,110288
USW00014732,"LAGUARDIA AIRPORT, NY US",40.77945,-73.88027,3.0,2022-11-08,6.1,0.0,0.0,0.0,13.2,14.4,8.3,360,20,9.8,12.5,,,99562
USW00014732,"LAGUARDIA AIRPORT, NY US",40.77945,-73.88027,3.0,2022-11-09,3.3,0.0,0.0,0.0,8.7,12.2,5.0,360,20,7.2,9.8,,,98324
USW00014732,"LAGUARDIA AIRPORT, NY US",40.77945,-73.88027,3.0,2022-11-10,2.6,0.0,0.0,0.0,12.6,19.4,8.9,160,160,6.3,7.2,,,112425
USW00014732,"LAGUARDIA AIRPORT, NY US",40.77945,-73.88027,3.0,2022-11-11,4.2,31.2,0.0,0.0,16.4,20.6,13.9,190,200,12.5,17.4,1.0,,56615
USW00014732,"LAGUARDIA AIRPORT, NY US",40.77945,-73.88027,3.0,2022-11-12,5.5,2.3,0.0,0.0,19.7,20.6,16.1,170,300,11.6,14.8,1.0,,117406
USW00014732,"LAGUARDIA AIRPORT, NY US",40.77945,-73.88027,3.0,2022-11-13,6.9,0.5,0.0,0.0,12.9,16.7,6.1,300,290,11.6,15.2,,,71312
USW00014732,"LAGUARDIA AIRPORT, NY US",40.77945,-73.88027,3.0,2022-11-14,5.9,0.0,0.0,0.0,6.3,7.8,3.3,310,320,11.2,15.2,,,76183
USW00014732,"LAGUARDIA AIRPORT, NY US",40.77945,-73.88027,3.0,2022-11-15,5.6,12.4,0.0,0.0,4.9,8.9,2.2,60,60,13.0,16.1,1.0,,66302
USW00014732,"LAGUARDIA AIRPORT, NY US",40.77945,-73.88027,3.0,2022-11-16,7.6,5.1,0.0,0.0,7.3,10.6,3.9,60,60,13.0,16.1,1.0,,79431
USW00014732,"LAGUARDIA AIRPORT, NY US",40.77945,-73.88027,3.0,2022-11-17,7.0,0.0,0.0,0.0,5.7,8.3,3.9,260,270,11.6,14.8,,,80813
USW00014732,"LAGUARDIA AIRPORT, NY US",40.77945,-73.88027,3.0,2022-11-18,7.2,0.0,0.0,0.0,4.5,6.7,2.2,230,250,11.2,14.8,,,75806
USW00014732,"LAGUARDIA AIRPORT, NY US",40.77945,-73.88027,3.0,2022-11-19,5.0,0.0,0.0,0.0,2.8,5.0,0.0,270,260,9.4,13.0,,,61394
USW00014732,"LAGUARDIA AIRPORT, NY US",40.77945,-73.88027,3.0,2022-11-20,8.2,0.0,0.0,0.0,2.7,4.4,-0.5,280,280,14.3,18.8,,,46485
USW00014732,"LAGUARDIA AIRPORT, NY US",40.77945,-73.88027,3.0,2022-11-21,5.1,0.0,0.0,0.0,1.1,5.6,-1.6,210,240,10.3,14.3,,1.0,61605
USW00014732,"LAGUARDIA AIRPORT, NY US",40.77945,-73.88027,3.0,2022-11-22,4.0,0.0,0.0,0.0,6.6,10.6,3.9,240,230,7.6,10.3,,,76381
USW00014732,"LAGUARDIA AIRPORT, NY US",40.77945,-73.88027,3.0,2022-11-23,3.4,0.0,0.0,0.0,9.4,12.8,6.1,300,300,7.2,9.4,,,76304
USW00014732,"LAGUARDIA AIRPORT, NY US",40.77945,-73.88027,3.0,2022-11-24,2.8,0.0,0.0,0.0,8.1,11.7,5.0,170,170,5.8,6.7,,,39289
USW00014732,"LAGUARDIA AIRPORT, NY US",40.77945,-73.88027,3.0,2022-11-25,6.0,0.0,0.0,0.0,10.0,13.3,8.3,320,320,14.3,17.9,,,44683
USW00014732,"LAGUARDIA AIRPORT, NY US",40.77945,-73.88027,3.0,2022-11-26,5.9,0.0,0.0,0.0,9.3,13.9,6.7,320,320,12.5,14.8,,,61668
USW00014732,"LAGUARDIA AIRPORT, NY US",40.77945,-73.88027,3.0,2022-11-27,4.8,13.7,0.0,0.0,10.7,16.1,9.4,260,270,11.6,15.7,1.0,1.0,35788
USW00014732,"LAGUARDIA AIRPORT, NY US",40.77945,-73.88027,3.0,2022-11-28,7.2,0.0,0.0,0.0,12.2,13.3,5.6,260,250,13.4,16.5,,,75305
USW00014732,"LAGUARDIA AIRPORT, NY US",40.77945,-73.88027,3.0,2022-11-29,2.7,0.0,0.0,0.0,5.4,6.7,3.3,330,60,5.8,8.9,,,77697
USW00014732,"LAGUARDIA AIRPORT, NY US",40.77945,-73.88027,3.0,2022-11-30,6.5,10.9,0.0,0.0,8.4,15.0,3.9,180,180,16.1,21.5,1.0,,56344
USW00014732,"LAGUARDIA AIRPORT, NY US",40.77945,-73.88027,3.0,2022-12-01,7.6,0.0,0.0,0.0,5.7,6.7,2.2,290,310,12.5,15.2,,,75453
USW00014732,"LAGUARDIA AIRPORT, NY US",40.77945,-73.88027,3.0,2022-12-02,3.0,0.0,0.0,0.0,3.4,7.2,1.1,290,290,7.6,8.9,,,77173
USW00014732,"LAGUARDIA AIRPORT, NY US",40.77945,-73.88027,3.0,2022-12-03,5.8,10.4,0.0,0.0,10.6,15.0,7.2,310,290,13.0,18.8,1.0,,46947
USW00014732,"LAGUARDIA AIRPORT, NY US",40.77945,-73.88027,3.0,2022-12-04,4.3,0.0,0.0,0.0,7.0,7.8,3.9,320,300,10.3,13.9,,,64561
USW00014732,"LAGUARDIA AIRPORT, NY US",40.77945,-73.88027,3.0,2022-12-05,2.4,0.0,0.0,0.0,5.4,8.3,2.2,170,170,5.4,6.7,,,76259
USW00014732,"LAGUARDIA AIRPORT, NY US",40.77945,-73.88027,3.0,2022-12-06,4.6,19.8,0.0,0.0,9.3,15.6,5.0,160,180,10.3,14.3,1.0,1.0,54229
USW00014732,"LAGUARDIA AIRPORT, NY US",40.77945,-73.88027,3.0,2022-12-07,3.8,9.1,0.0,0.0,13.8,15.0,12.8,170,170,10.3,13.4,1.0,,76862
USW00014732,"LAGUARDIA AIRPORT, NY US",40.77945,-73.88027,3.0,2022-12-08,5.2,0.0,0.0,0.0,11.6,13.3,5.6,360,330,8.9,11.2,,,92372
USW00014732,"LAGUARDIA AIRPORT, NY US",40.77945,-73.88027,3.0,2022-12-09,5.0,0.0,0.0,0.0,5.3,7.2,2.2,350,330,7.6,10.7,,,79557
USW00014732,"LAGUARDIA AIRPORT, NY US",40.77945,-73.88027,3.0,2022-12-10,4.7,0.0,0.0,0.0,2.2,3.9,-0.5,40,50,8.9,11.2,,,65856
USW00014732,"LAGUARDIA AIRPORT, NY US",40.77945,-73.88027,3.0,2022-12-11,5.7,6.4,3.0,0.0,3.4,5.0,0.6,60,60,9.4,10.7,1.0,,33866
USW00014732,"LAGUARDIA AIRPORT, NY US",40.77945,-73.88027,3.0,2022-12-12,5.2,0.0,8.0,0.0,1.6,3.3,-1.0,330,360,9.4,11.2,1.0,,62130
USW00014732,"LAGUARDIA AIRPORT, NY US",40.77945,-73.88027,3.0,2022-12-13,5.1,0.0,0.0,0.0,0.3,5.0,-2.7,310,350,8.9,10.7,,,67875
USW00014732,"LAGUARDIA AIRPORT, NY US",40.77945,-73.88027,3.0,2022-12-14,6.0,0.0,0.0,0.0,1.7,4.4,0.0,300,300,9.4,12.5,,,69758
USW00014732,"LAGUARDIA AIRPORT, NY US",40.77945,-73.88027,3.0,2022-12-15,6.3,15.0,0.0,0.0,2.7,6.7,0.6,70,70,13.0,16.5,,,45549
USW00014732,"LAGUARDIA AIRPORT, NY US",40.77945,-73.88027,3.0,2022-12-16,9.1,13.7,0.0,0.0,6.2,8.3,3.9,70,50,13.4,17.4,1.0,,29565
USW00014732,"LAGUARDIA AIRPORT, NY US",40.77945,-73.88027,3.0,2022-12-17,6.7,0.0,0.0,0.0,5.0,7.2,2.8,270,260,10.3,13.0,,,61577
USW00014732,"LAGUARDIA AIRPORT, NY US",40.77945,-73.88027,3.0,2022-12-18,6.3,0.0,0.0,0.0,3.1,4.4,1.1,270,280,10.7,14.3,,,50011
USW00014732,"LAGUARDIA AIRPORT, NY US",40.77945,-73.88027,3.0,2022-12-19,7.2,0.0,0.0,0.0,1.7,3.9,0.0,310,310,13.0,15.2,,,56236
USW00014732,"LAGUARDIA AIRPORT, NY US",40.77945,-73.88027,3.0,2022-12-20,5.2,0.0,0.0,0.0,1.9,4.4,0.0,330,320,9.4,11.6,,,60578
USW00014732,"LAGUARDIA AIRPORT, NY US",40.77945,-73.88027,3.0,2022-12-21,2.1,0.0,0.0,0.0,1.0,5.0,-1.6,50,70,4.0,6.7,,,61343
USW00014732,"LAGUARDIA AIRPORT, NY US",40.77945,-73.88027,3.0,2022-12-22,6.0,5.3,0.0,0.0,3.8,8.3,1.1,60,60,12.5,15.7,1.0,,40443
USW00014732,"LAGUARDIA AIRPORT, NY US",40.77945,-73.88027,3.0,2022-12-23,10.9,24.1,0.0,0.0,7.5,15.0,-12.7,140,270,17.4,25.0,1.0,1.0,27551
USW00014732,"LAGUARDIA AIRPORT, NY US",40.77945,-73.88027,3.0,2022-12-24,8.8,0.0,0.0,0.0,-11.7,-8.8,-13.8,260,260,14.8,18.8,,,12601
USW00014732,"LAGUARDIA AIRPORT, NY US",40.77945,-73.88027,3.0,2022-12-25,7.4,0.0,0.0,0.0,-6.9,-2.1,-9.3,260,260,11.2,15.2,,,9851
USW00014732,"LAGUARDIA AIRPORT, NY US",40.77945,-73.88027,3.0,2022-12-26,5.3,0.0,0.0,0.0,-4.7,-1.0,-7.1,270,270,9.8,12.5,,,20255
USW00014732,"LAGUARDIA AIRPORT, NY US",40.77945,-73.88027,3.0,2022-12-27,4.4,0.0,0.0,0.0,-0.7,1.7,-1.6,270,280,7.6,10.7,,,34395
USW00014732,"LAGUARDIA AIRPORT, NY US",40.77945,-73.88027,3.0,2022-12-28,3.4,0.0,0.0,0.0,3.4,8.3,0.6,230,220,7.6,10.7,,,45677
USW00014732,"LAGUARDIA AIRPORT, NY US",40.77945,-73.88027,3.0,2022-12-29,3.4,0.0,0.0,0.0,6.4,10.6,3.3,220,220,6.3,7.2,,,53677
USW00014732,"LAGUARDIA AIRPORT, NY US",40.77945,-73.88027,3.0,2022-12-30,2.5,0.0,0.0,0.0,9.3,15.6,3.3,210,210,5.8,7.6,,,64550
USW00014732,"LAGUARDIA AIRPORT, NY US",40.77945,-73.88027,3.0,2022-12-31,2.1,7.9,0.0,0.0,8.2,12.8,5.6,220,230,4.5,6.7,1.0,1.0,32895
